Title,Duration,Genre,Rating,Gross,Director,Lead,Budget,Year
The Dark Knight,152 min,"Action, Crime, Drama",PG-13,534.86,Christopher Nolan,Christian Bale,185000000,2008
The Hunger Games: Catching Fire,146 min,"Action, Adventure, Drama",PG-13,424.67,Francis Lawrence,Jennifer Lawrence,130000000,2013
The Hunger Games,142 min,"Action, Adventure, Sci-Fi",PG-13,408.01,Gary Ross,Jennifer Lawrence,78000000,2012
Jurassic Park,127 min,"Action, Adventure, Sci-Fi",PG-13,402.45,Steven Spielberg,Sam Neill,63000000,1993
Furious 7,137 min,"Action, Crime, Thriller",PG-13,353.01,James Wan,Vin Diesel,190000000,2015
The Hunger Games: Mockingjay - Part 1,123 min,"Action, Adventure, Sci-Fi",PG-13,337.14,Francis Lawrence,Jennifer Lawrence,125000000,2014
Joker,122 min,"Crime, Drama, Thriller",R,335.45,Todd Phillips,Joaquin Phoenix,55000000,I 2019
Skyfall,143 min,"Action, Adventure, Thriller",PG-13,304.36,Sam Mendes,Daniel Craig,200000000,2012
The Twilight Saga: Eclipse,124 min,"Action, Adventure, Drama",PG-13,300.53,David Slade,Kristen Stewart,68000000,2010
The Sixth Sense,107 min,"Drama, Mystery, Thriller",PG-13,293.51,M. Night Shyamalan,Bruce Willis,40000000,1999
Inception,148 min,"Action, Adventure, Sci-Fi",PG-13,292.58,Christopher Nolan,Leonardo DiCaprio,160000000,2010
The Hunger Games: Mockingjay - Part 2,137 min,"Action, Adventure, Sci-Fi",PG-13,281.72,Francis Lawrence,Jennifer Lawrence,160000000,2015
The Twilight Saga: Breaking Dawn - Part 1,117 min,"Adventure, Drama, Fantasy",PG-13,281.29,Bill Condon,Kristen Stewart,110000000,2011
Gravity,91 min,"Action, Drama, Sci-Fi",PG-13,274.09,Alfonso Cuarón,Sandra Bullock,100000000,2013
Jaws,124 min,"Adventure, Thriller",PG,260.75,Steven Spielberg,Roy Scheider,7000000,1975
Captain America: The Winter Soldier,136 min,"Action, Adventure, Sci-Fi",PG-13,259.77,Anthony Russo,Joe Russo,170000000,2014
I Am Legend,101 min,"Action, Drama, Sci-Fi",PG-13,256.39,Francis Lawrence,Will Smith,150000000,2007
Twister,113 min,"Action, Adventure, Thriller",PG-13,241.72,Jan de Bont,Helen Hunt,92000000,I 1996
Furious 6,130 min,"Action, Crime, Thriller",PG-13,238.68,Justin Lin,Vin Diesel,160000000,2013
Beverly Hills Cop,105 min,"Action, Comedy, Crime",R,234.76,Martin Brest,Eddie Murphy,13000000,1984
X-Men: Days of Future Past,132 min,"Action, Adventure, Sci-Fi",PG-13,233.92,Bryan Singer,Patrick Stewart,200000000,2014
Signs,106 min,"Drama, Mystery, Sci-Fi",PG-13,227.97,M. Night Shyamalan,Mel Gibson,72000000,2002
The Bourne Ultimatum,115 min,"Action, Mystery, Thriller",PG-13,227.47,Paul Greengrass,Matt Damon,110000000,2007
Logan,137 min,"Action, Drama, Sci-Fi",R,226.28,James Mangold,Hugh Jackman,97000000,2017
Rush Hour 2,90 min,"Action, Comedy, Crime",PG-13,226.16,Brett Ratner,Jackie Chan,90000000,2001
The Fate of the Furious,136 min,"Action, Crime, Thriller",PG-13,226.01,F. Gary Gray,Vin Diesel,250000000,2017
Mission: Impossible - Fallout,147 min,"Action, Adventure, Thriller",PG-13,220.16,Christopher McQuarrie,Tom Cruise,178000000,2018
National Treasure: Book of Secrets,124 min,"Action, Adventure, Mystery",PG,219.96,Jon Turteltaub,Nicolas Cage,130000000,2007
Ghost,127 min,"Drama, Fantasy, Romance",PG-13,217.63,Jerry Zucker,Patrick Swayze,22000000,1990
The Da Vinci Code,149 min,"Mystery, Thriller",PG-13,217.54,Ron Howard,Tom Hanks,125000000,2006
Mission: Impossible II,123 min,"Action, Adventure, Thriller",PG-13,215.41,John Woo,Tom Cruise,125000000,2000
X2: X-Men United,134 min,"Action, Sci-Fi, Thriller",PG-13,214.95,Bryan Singer,Patrick Stewart,110000000,2003
Venom: Let There Be Carnage,97 min,"Action, Adventure, Sci-Fi",PG-13,213.55,Andy Serkis,Tom Hardy,110000000,2021
Fast Five,130 min,"Action, Crime, Thriller",PG-13,209.84,Justin Lin,Vin Diesel,125000000,2011
Mission: Impossible - Ghost Protocol,132 min,"Action, Adventure, Thriller",PG-13,209.4,Brad Bird,Tom Cruise,145000000,2011
Dawn of the Planet of the Apes,130 min,"Action, Adventure, Drama",PG-13,208.55,Matt Reeves,Gary Oldman,170000000,2014
Bad Boys for Life,124 min,"Action, Comedy, Crime",R,206.31,Adil El Arbi,Bilall Fallah,90000000,2020
The Mummy Returns,130 min,"Action, Adventure, Fantasy",PG-13,202.02,Stephen Sommers,Brendan Fraser,98000000,2001
Armageddon,151 min,"Action, Adventure, Sci-Fi",PG-13,201.57,Michael Bay,Bruce Willis,140000000,1998
Godzilla,123 min,"Action, Adventure, Sci-Fi",PG-13,200.68,Gareth Edwards,Aaron Taylor-Johnson,160000000,2014
Spectre,148 min,"Action, Adventure, Thriller",PG-13,200.07,Sam Mendes,Daniel Craig,245000000,I 2015
Mission: Impossible - Rogue Nation,131 min,"Action, Adventure, Thriller",PG-13,195.04,Christopher McQuarrie,Tom Cruise,150000000,2015
Dunkirk,106 min,"Action, Drama, History",PG-13,188.37,Christopher Nolan,Fionn Whitehead,100000000,2017
The Day After Tomorrow,124 min,"Action, Adventure, Sci-Fi",PG-13,186.74,Roland Emmerich,Dennis Quaid,125000000,2004
Mr. & Mrs. Smith,120 min,"Action, Comedy, Crime",PG-13,186.34,Doug Liman,Brad Pitt,110000000,2005
The Fugitive,130 min,"Action, Crime, Drama",PG-13,183.88,Andrew Davis,Harrison Ford,86000000,1993
Ocean's Eleven,116 min,"Crime, Thriller",PG-13,183.42,Steven Soderbergh,George Clooney,85000000,2001
The Perfect Storm,130 min,"Action, Adventure, Drama",PG-13,182.62,Wolfgang Petersen,George Clooney,140000000,2000
Jurassic Park III,92 min,"Action, Adventure, Sci-Fi",PG-13,181.17,Joe Johnston,Sam Neill,93000000,2001
Mission: Impossible,110 min,"Action, Adventure, Thriller",PG-13,180.98,Brian De Palma,Tom Cruise,80000000,1996
Planet of the Apes,119 min,"Action, Adventure, Sci-Fi",PG-13,180.01,Tim Burton,Mark Wahlberg,100000000,2001
Rise of the Planet of the Apes,105 min,"Action, Drama, Sci-Fi",PG-13,176.76,Rupert Wyatt,James Franco,93000000,2011
The Bourne Supremacy,108 min,"Action, Mystery, Thriller",PG-13,176.24,Paul Greengrass,Matt Damon,75000000,2004
Get Out,104 min,"Horror, Mystery, Thriller",R,176.04,Jordan Peele,Daniel Kaluuya,4500000,I 2017
Us,116 min,"Horror, Mystery, Thriller",R,175.08,Jordan Peele,Lupita Nyong'o,20000000,II 2019
Fast & Furious Presents: Hobbs & Shaw,137 min,"Action, Adventure, Thriller",PG-13,173.96,David Leitch,Dwayne Johnson,200000000,2019
F9: The Fast Saga,143 min,"Action, Crime, Thriller",PG-13,173.2,Justin Lin,Vin Diesel,200000000,2021
National Treasure,131 min,"Action, Adventure, Mystery",PG,173.01,Jon Turteltaub,Nicolas Cage,100000000,2004
Air Force One,124 min,"Action, Drama, Thriller",R,172.96,Wolfgang Petersen,Harrison Ford,85000000,1997
John Wick: Chapter 3 - Parabellum,130 min,"Action, Crime, Thriller",R,171.02,Chad Stahelski,Keanu Reeves,75000000,2019
Quantum of Solace,106 min,"Action, Adventure, Thriller",PG-13,168.37,Marc Forster,Daniel Craig,200000000,2008
Gone Girl,149 min,"Drama, Mystery, Thriller",R,167.77,David Fincher,Ben Affleck,61000000,2014
Casino Royale,144 min,"Action, Adventure, Thriller",PG-13,167.45,Martin Campbell,Daniel Craig,150000000,2006
Fifty Shades of Grey,125 min,"Drama, Romance, Thriller",R,166.17,Sam Taylor-Johnson,Dakota Johnson,40000000,2015
Knives Out,130 min,"Comedy, Crime, Drama",PG-13,165.36,Rian Johnson,Daniel Craig,40000000,2019
Hannibal,131 min,"Crime, Drama, Thriller",R,165.09,Ridley Scott,Anthony Hopkins,87000000,2001
Jason Bourne,123 min,"Action, Thriller",PG-13,162.43,Paul Greengrass,Matt Damon,120000000,I 2016
Die Another Day,133 min,"Action, Adventure, Thriller",PG-13,160.94,Lee Tamahori,Pierce Brosnan,142000000,2002
No Time to Die,163 min,"Action, Adventure, Thriller",PG-13,160.87,Cary Joji Fukunaga,Daniel Craig,250000000,2021
Shark Tale,90 min,"Animation, Adventure, Comedy",PG,160.86,Bibo Bergeron,Vicky Jenson,75000000,2004
A Quiet Place Part II,97 min,"Drama, Horror, Sci-Fi",PG-13,160.07,John Krasinski,Emily Blunt,,2020
Halloween,106 min,"Crime, Horror, Thriller",R,159.34,David Gordon Green,Jamie Lee Curtis,10000000,I 2018
Star Trek Beyond,122 min,"Action, Adventure, Sci-Fi",PG-13,158.85,Justin Lin,Chris Pine,185000000,2016
The Firm,154 min,"Drama, Mystery, Thriller",R,158.35,Sydney Pollack,Tom Cruise,42000000,1993
Fatal Attraction,119 min,"Drama, Thriller",R,156.65,Adrian Lyne,Michael Douglas,14000000,1987
What Lies Beneath,130 min,"Drama, Horror, Mystery",PG-13,155.46,Robert Zemeckis,Harrison Ford,100000000,2000
San Andreas,114 min,"Action, Adventure, Thriller",PG-13,155.19,Brad Peyton,Dwayne Johnson,110000000,2015
Fast & Furious,107 min,"Action, Crime, Thriller",PG-13,155.06,Justin Lin,Vin Diesel,85000000,2009
Mad Max: Fury Road,120 min,"Action, Adventure, Sci-Fi",R,154.06,George Miller,Tom Hardy,150000000,2015
Beverly Hills Cop II,100 min,"Action, Comedy, Crime",R,153.67,Tony Scott,Eddie Murphy,27000000,1987
G.I. Joe: The Rise of Cobra,118 min,"Action, Adventure, Sci-Fi",PG-13,152.27,Stephen Sommers,Dennis Quaid,175000000,2009
Rambo: First Blood Part II,96 min,"Action, Adventure, Thriller",R,150.42,George P. Cosmatos,Sylvester Stallone,44000000,1985
Megamind,95 min,"Animation, Action, Comedy",PG,148.42,Tom McGrath,Will Ferrell,130000000,2010
Lethal Weapon 2,114 min,"Action, Crime, Thriller",R,147.25,Richard Donner,Mel Gibson,28000000,1989
War for the Planet of the Apes,140 min,"Action, Adventure, Drama",PG-13,146.88,Matt Reeves,Andy Serkis,150000000,2017
True Lies,141 min,"Action, Comedy, Thriller",R,146.28,James Cameron,Arnold Schwarzenegger,115000000,1994
Taken,90 min,"Action, Crime, Thriller",PG-13,145,Pierre Morel,Liam Neeson,25000000,I 2008
"I, Robot",115 min,"Action, Mystery, Sci-Fi",PG-13,144.8,Alex Proyas,Will Smith,120000000,2004
Lethal Weapon 3,118 min,"Action, Crime, Thriller",R,144.73,Richard Donner,Mel Gibson,35000000,1992
The Fast and the Furious,106 min,"Action, Adventure, Crime",PG-13,144.53,Rob Cohen,Vin Diesel,38000000,2001
The Meg,113 min,"Action, Horror, Sci-Fi",PG-13,143.01,Jon Turteltaub,Jason Statham,130000000,2018
xXx,124 min,"Action, Adventure, Thriller",PG-13,142.11,Rob Cohen,Vin Diesel,70000000,2002
A Few Good Men,138 min,"Drama, Thriller",R,141.34,Rob Reiner,Tom Cruise,41000000,1992
Rush Hour,98 min,"Action, Comedy, Crime",PG-13,141.15,Brett Ratner,Jackie Chan,33000000,1998
Deep Impact,120 min,"Action, Drama, Sci-Fi",PG-13,140.46,Mimi Leder,Robert Duvall,75000000,1998
Ocean's Eight,110 min,"Action, Comedy, Crime",PG-13,140.22,Gary Ross,Sandra Bullock,70000000,2018
Rush Hour 3,91 min,"Action, Comedy, Crime",PG-13,140.13,Brett Ratner,Jackie Chan,140000000,2007
Taken 2,92 min,"Action, Crime, Thriller",PG-13,139.85,Olivier Megaton,Liam Neeson,45000000,2012
Bad Boys II,147 min,"Action, Comedy, Crime",R,138.61,Michael Bay,Will Smith,130000000,2003
Split,117 min,"Horror, Thriller",PG-13,138.29,M. Night Shyamalan,James McAvoy,9000000,IX 2016
The Conjuring,112 min,"Horror, Mystery, Thriller",R,137.4,James Wan,Patrick Wilson,20000000,2013
Ransom,121 min,"Action, Crime, Thriller",R,136.49,Ron Howard,Mel Gibson,80000000,1996
Godzilla,139 min,"Action, Sci-Fi, Thriller",PG-13,136.31,Roland Emmerich,Matthew Broderick,130000000,I 1998
Argo,120 min,"Biography, Drama, Thriller",R,136.03,Ben Affleck,Ben Affleck,44500000,2012
Live Free or Die Hard,128 min,"Action, Thriller",PG-13,134.53,Len Wiseman,Bruce Willis,44500000,2007
Wanted,110 min,"Action, Crime, Thriller",R,134.51,Timur Bekmambetov,Angelina Jolie,110000000,2008
The Rock,136 min,"Action, Adventure, Thriller",R,134.07,Michael Bay,Sean Connery,75000000,1996
Mission: Impossible III,126 min,"Action, Adventure, Thriller",PG-13,134.03,J.J. Abrams,Tom Cruise,150000000,2006
Angels & Demons,138 min,"Action, Mystery, Thriller",PG-13,133.38,Ron Howard,Tom Hanks,150000000,2009
The Departed,151 min,"Crime, Drama, Thriller",R,132.38,Martin Scorsese,Leonardo DiCaprio,90000000,2006
Minority Report,145 min,"Action, Crime, Mystery",PG-13,132.07,Steven Spielberg,Tom Cruise,102000000,2002
Lara Croft: Tomb Raider,100 min,"Action, Adventure, Fantasy",PG-13,131.14,Simon West,Angelina Jolie,115000000,2001
The Silence of the Lambs,118 min,"Crime, Drama, Thriller",R,130.74,Jonathan Demme,Jodie Foster,19000000,1991
Lethal Weapon 4,127 min,"Action, Crime, Thriller",R,130.44,Richard Donner,Mel Gibson,140000000,1998
The Divergent Series: Insurgent,119 min,"Action, Adventure, Sci-Fi",PG-13,130.18,Robert Schwentke,Shailene Woodley,110000000,2015
Kingsman: The Secret Service,129 min,"Action, Adventure, Comedy",R,128.26,Matthew Vaughn,Colin Firth,81000000,2014
Shutter Island,138 min,"Mystery, Thriller",R,128.01,Martin Scorsese,Leonardo DiCaprio,80000000,2010
2 Fast 2 Furious,107 min,"Action, Adventure, Crime",PG-13,127.15,John Singleton,Paul Walker,76000000,2003
Super 8,112 min,"Action, Mystery, Sci-Fi",PG-13,127,J.J. Abrams,Elle Fanning,50000000,2011
The World Is Not Enough,128 min,"Action, Adventure, Thriller",PG-13,126.94,Michael Apted,Pierce Brosnan,135000000,1999
Lucy,89 min,"Action, Sci-Fi, Thriller",R,126.66,Luc Besson,Scarlett Johansson,40000000,I 2014
Safe House,115 min,"Action, Thriller",R,126.37,Daniel Espinosa,Denzel Washington,85000000,2012
Ocean's Twelve,125 min,"Crime, Thriller",PG-13,125.54,Steven Soderbergh,George Clooney,110000000,2004
Tomorrow Never Dies,119 min,"Action, Adventure, Thriller",PG-13,125.33,Roger Spottiswoode,Pierce Brosnan,110000000,1997
Charlie's Angels,98 min,"Action, Adventure, Comedy",PG-13,125.31,McG,Cameron Diaz,93000000,2000
Traffic,147 min,"Crime, Drama, Thriller",R,124.12,Steven Soderbergh,Michael Douglas,48000000,2000
G.I. Joe: Retaliation,110 min,"Action, Adventure, Sci-Fi",PG-13,122.52,Jon M. Chu,Dwayne Johnson,130000000,2013
Clear and Present Danger,141 min,"Action, Crime, Drama",PG-13,122.19,Phillip Noyce,Harrison Ford,62000000,1994
The Hunt for Red October,135 min,"Action, Adventure, Thriller",PG,122.01,John McTiernan,Sean Connery,30000000,1990
The Bodyguard,129 min,"Action, Drama, Music",R,121.95,Mick Jackson,Kevin Costner,25000000,1992
The Bourne Identity,119 min,"Action, Mystery, Thriller",PG-13,121.66,Doug Liman,Franka Potente,60000000,2002
Speed,116 min,"Action, Adventure, Thriller",R,121.25,Jan de Bont,Keanu Reeves,30000000,1994
Van Helsing,131 min,"Action, Adventure, Fantasy",PG-13,120.18,Stephen Sommers,Hugh Jackman,30000000,2004
The Sum of All Fears,124 min,"Action, Drama, Thriller",PG-13,118.91,Phil Alden Robinson,Ben Affleck,160000000,2002
Salt,100 min,"Action, Thriller",PG-13,118.31,Phillip Noyce,Angelina Jolie,68000000,2010
Basic Instinct,127 min,"Drama, Mystery, Thriller",R,117.73,Paul Verhoeven,Michael Douglas,110000000,1992
Now You See Me,115 min,"Crime, Mystery, Thriller",PG-13,117.72,Louis Leterrier,Jesse Eisenberg,49000000,I 2013
Die Hard 2,124 min,"Action, Thriller",R,117.54,Renny Harlin,Bruce Willis,75000000,1990
The Nun,96 min,"Horror, Mystery, Thriller",R,117.45,Corin Hardy,Demián Bichir,70000000,2018
Ocean's Thirteen,122 min,"Crime, Thriller",PG-13,117.15,Steven Soderbergh,George Clooney,22000000,2007
S.W.A.T.,117 min,"Action, Adventure, Crime",PG-13,116.93,Clark Johnson,Samuel L. Jackson,85000000,2003
Double Jeopardy,105 min,"Crime, Drama, Mystery",R,116.74,Bruce Beresford,Ashley Judd,70000000,1999
The Towering Inferno,165 min,"Action, Drama, Thriller",PG,116,John Guillermin,Paul Newman,14000000,1974
Ghost Rider,110 min,"Action, Fantasy, Thriller",PG-13,115.8,Mark Steven Johnson,Nicolas Cage,110000000,2007
District 9,112 min,"Action, Sci-Fi, Thriller",R,115.65,Neill Blomkamp,Sharlto Copley,30000000,2009
The Village,108 min,"Drama, Mystery, Thriller",PG-13,114.2,M. Night Shyamalan,Sigourney Weaver,60000000,2004
The Bourne Legacy,135 min,"Action, Adventure, Thriller",PG-13,113.2,Tony Gilroy,Jeremy Renner,125000000,2012
Face/Off,138 min,"Action, Crime, Sci-Fi",R,112.23,John Woo,John Travolta,80000000,1997
Enemy of the State,132 min,"Action, Thriller",R,111.55,Tony Scott,Will Smith,90000000,1998
Glass,129 min,"Drama, Horror, Sci-Fi",PG-13,111.05,M. Night Shyamalan,James McAvoy,20000000,2019
The Grudge,91 min,"Horror, Mystery, Thriller",PG-13,110.36,Takashi Shimizu,Sarah Michelle Gellar,10000000,2004
A Time to Kill,149 min,"Crime, Drama, Thriller",R,108.77,Joel Schumacher,Matthew McConaughey,40000000,1996
Baby Driver,113 min,"Action, Crime, Drama",R,107.83,Edgar Wright,Ansel Elgort,34000000,2017
Captain Phillips,134 min,"Action, Biography, Crime",PG-13,107.1,Paul Greengrass,Tom Hanks,55000000,2013
Black Swan,108 min,"Drama, Thriller",R,106.95,Darren Aronofsky,Natalie Portman,13000000,2010
GoldenEye,130 min,"Action, Adventure, Thriller",PG-13,106.6,Martin Campbell,Pierce Brosnan,60000000,1995
The Italian Job,111 min,"Action, Crime, Thriller",PG-13,106.13,F. Gary Gray,Donald Sutherland,60000000,2003
Road to Perdition,117 min,"Crime, Drama, Thriller",R,104.45,Sam Mendes,Tom Hanks,80000000,2002
The Mule,116 min,"Crime, Drama, Thriller",R,103.8,Clint Eastwood,Clint Eastwood,50000000,2018
Dick Tracy,105 min,"Action, Comedy, Crime",PG,103.74,Warren Beatty,Warren Beatty,47000000,1990
The Expendables,103 min,"Action, Adventure, Thriller",R,103.07,Sylvester Stallone,Sylvester Stallone,80000000,2010
Jaws 2,116 min,"Adventure, Horror, Thriller",PG,102.92,Jeannot Szwarc,Roy Scheider,20000000,1978
The General's Daughter,116 min,"Crime, Drama, Mystery",R,102.71,Simon West,John Travolta,95000000,1999
The Girl with the Dragon Tattoo,158 min,"Crime, Drama, Mystery",R,102.52,David Fincher,Daniel Craig,90000000,2011
The Conjuring 2,134 min,"Horror, Mystery, Thriller",R,102.47,James Wan,Vera Farmiga,40000000,2016
The Maze Runner,113 min,"Action, Mystery, Sci-Fi",PG-13,102.43,Wes Ball,Dylan O'Brien,34000000,2014
In the Line of Fire,128 min,"Action, Crime, Drama",R,102.31,Wolfgang Petersen,Clint Eastwood,40000000,1993
Annabelle: Creation,109 min,"Horror, Mystery, Thriller",R,102.09,David F. Sandberg,Anthony LaPaglia,15000000,2017
The Equalizer 2,121 min,"Action, Crime, Thriller",R,102.08,Antoine Fuqua,Denzel Washington,62000000,2018
Gone in 60 Seconds,118 min,"Action, Crime, Thriller",PG-13,101.65,Dominic Sena,Nicolas Cage,90000000,2000
Sleeping with the Enemy,99 min,"Drama, Thriller",R,101.6,Joseph Ruben,Julia Roberts,19000000,1991
The Equalizer,132 min,"Action, Crime, Thriller",R,101.53,Antoine Fuqua,Denzel Washington,55000000,2014
Eraser,115 min,"Action, Crime, Thriller",R,101.3,Chuck Russell,Arnold Schwarzenegger,100000000,1996
Con Air,115 min,"Action, Crime, Thriller",R,101.12,Simon West,Nicolas Cage,75000000,1997
Eagle Eye,118 min,"Action, Mystery, Thriller",PG-13,101.11,D.J. Caruso,Shia LaBeouf,80000000,2008
Collateral,120 min,"Action, Crime, Drama",R,101.01,Michael Mann,Tom Cruise,65000000,2004
Contact,150 min,"Drama, Mystery, Sci-Fi",PG,100.92,Robert Zemeckis,Jodie Foster,90000000,1997
Godzilla vs. Kong,113 min,"Action, Sci-Fi, Thriller",PG-13,100.92,Adam Wingard,Alexander Skarsgård,200000000,2021
The Pelican Brief,141 min,"Crime, Drama, Mystery",PG-13,100.77,Alan J. Pakula,Julia Roberts,45000000,1993
Vanilla Sky,136 min,"Fantasy, Mystery, Romance",R,100.61,Cameron Crowe,Tom Cruise,68000000,2001
Airport,137 min,"Action, Drama, Thriller",G,100.49,George Seaton,Henry Hathaway,10000000,1970
Fifty Shades Freed,105 min,"Drama, Romance, Thriller",R,100.41,James Foley,Dakota Johnson,55000000,2018
Cowboys & Aliens,119 min,"Action, Sci-Fi, Thriller",PG-13,100.24,Jon Favreau,Daniel Craig,163000000,2011
Kingsman: The Golden Circle,141 min,"Action, Adventure, Comedy",R,100.23,Matthew Vaughn,Taron Egerton,104000000,2017
Se7en,127 min,"Crime, Drama, Mystery",R,100.13,David Fincher,Morgan Freeman,33000000,1995
Passengers,116 min,"Drama, Romance, Sci-Fi",PG-13,100.01,Morten Tyldum,Jennifer Lawrence,110000000,I 2016
Die Hard with a Vengeance,128 min,"Action, Adventure, Thriller",R,100.01,John McTiernan,Bruce Willis,90000000,1995
Olympus Has Fallen,119 min,"Action, Thriller",R,98.93,Antoine Fuqua,Gerard Butler,70000000,2013
Date Night,88 min,"Comedy, Crime, Romance",PG-13,98.71,Shawn Levy,Steve Carell,55000000,2010
The Others,104 min,"Horror, Mystery, Thriller",PG-13,96.52,Alejandro Amenábar,Nicole Kidman,17000000,2001
Panic Room,112 min,"Crime, Drama, Thriller",R,96.4,David Fincher,Jodie Foster,48000000,2002
Zero Dark Thirty,157 min,"Drama, History, Thriller",R,95.72,Kathryn Bigelow,Jessica Chastain,40000000,2012
Unbreakable,106 min,"Drama, Mystery, Sci-Fi",PG-13,95.01,M. Night Shyamalan,Bruce Willis,75000000,2000
The Book of Eli,118 min,"Action, Adventure, Drama",R,94.84,Albert Hughes,Allen Hughes,80000000,2010
The Mask of Zorro,136 min,"Action, Adventure, Comedy",PG-13,94.1,Martin Campbell,Antonio Banderas,95000000,1998
Flight,138 min,"Drama, Thriller",R,93.77,Robert Zemeckis,Denzel Washington,31000000,I 2012
Red Dragon,124 min,"Crime, Drama, Thriller",R,93.15,Brett Ratner,Anthony Hopkins,78000000,2002
The Town,125 min,"Crime, Drama, Thriller",R,92.19,Ben Affleck,Ben Affleck,37000000,2010
Non-Stop,106 min,"Action, Mystery, Thriller",PG-13,92.17,Jaume Collet-Serra,Liam Neeson,50000000,2014
The Client,119 min,"Crime, Drama, Mystery",PG-13,92.12,Joel Schumacher,Susan Sarandon,45000000,1994
Blade Runner 2049,164 min,"Action, Drama, Mystery",R,92.05,Denis Villeneuve,Harrison Ford,150000000,2017
John Wick: Chapter 2,122 min,"Action, Crime, Thriller",R,92.03,Chad Stahelski,Keanu Reeves,40000000,2017
Star Trek: First Contact,111 min,"Action, Adventure, Drama",PG-13,92,Jonathan Frakes,Patrick Stewart,45000000,1996
The Haunting,113 min,"Fantasy, Horror, Mystery",PG-13,91.41,Jan de Bont,Liam Neeson,80000000,1999
Crimson Tide,116 min,"Action, Drama, Thriller",R,91.4,Tony Scott,Gene Hackman,53000000,1995
The Imitation Game,114 min,"Biography, Drama, Thriller",PG-13,91.13,Morten Tyldum,Benedict Cumberbatch,14000000,2014
Space Cowboys,130 min,"Action, Adventure, Thriller",PG-13,90.46,Clint Eastwood,Clint Eastwood,65000000,2000
RED,111 min,"Action, Comedy, Crime",PG-13,90.38,Robert Schwentke,Bruce Willis,58000000,2010
Mystic River,138 min,"Crime, Drama, Mystery",R,90.14,Clint Eastwood,Sean Penn,25000000,2003
Terminator Genisys,126 min,"Action, Adventure, Sci-Fi",PG-13,89.76,Alan Taylor,Arnold Schwarzenegger,155000000,2015
Flightplan,98 min,"Drama, Mystery, Thriller",PG-13,89.71,Robert Schwentke,Jodie Foster,55000000,2005
Taken 3,108 min,"Action, Crime, Thriller",PG-13,89.26,Olivier Megaton,Liam Neeson,48000000,2014
Don't Breathe,88 min,"Crime, Horror, Thriller",R,89.22,Fede Alvarez,Stephen Lang,9900000,2016
The Trial of Billy Jack,170 min,"Action, Drama, Music",PG,89,Tom Laughlin,Tom Laughlin,2500000,1974
Inside Man,129 min,"Crime, Drama, Mystery",R,88.51,Spike Lee,Denzel Washington,45000000,2006
The Hand that Rocks the Cradle,110 min,"Drama, Thriller",R,88.04,Curtis Hanson,Annabella Sciorra,11700000,1992
Entrapment,113 min,"Action, Crime, Romance",PG-13,87.7,Jon Amiel,Sean Connery,66000000,1999
Miss Peregrine's Home for Peculiar Children,127 min,"Adventure, Drama, Family",PG-13,87.24,Tim Burton,Eva Green,110000000,2016
Presumed Innocent,127 min,"Mystery, Thriller",R,86.3,Alan J. Pakula,Harrison Ford,20000000,1990
The Accountant,128 min,"Action, Thriller",R,86.26,Gavin O'Connor,Ben Affleck,44000000,2016
Alita: Battle Angel,122 min,"Action, Adventure, Sci-Fi",PG-13,85.71,Robert Rodriguez,Rosa Salazar,170000000,2019
Aliens,137 min,"Action, Adventure, Sci-Fi",R,85.16,James Cameron,Sigourney Weaver,18500000,1986
The Expendables 2,103 min,"Action, Adventure, Thriller",R,85.02,Simon West,Sylvester Stallone,100000000,2012
The Poseidon Adventure,117 min,"Action, Adventure, Drama",PG,84.56,Ronald Neame,Gene Hackman,5000000,1972
Annabelle,99 min,"Horror, Mystery, Thriller",R,84.27,John R. Leonetti,Ward Horton,6500000,I 2014
Cliffhanger,113 min,"Action, Adventure, Thriller",R,84.05,Renny Harlin,Sylvester Stallone,70000000,1993
The X Files,121 min,"Drama, Mystery, Sci-Fi",PG-13,83.9,Rob Bowman,David Duchovny,66000000,1998
Insidious: Chapter 2,106 min,"Horror, Mystery, Thriller",PG-13,83.59,James Wan,Patrick Wilson,5000000,2013
Under Siege,103 min,"Action, Thriller",R,83.36,Andrew Davis,Steven Seagal,35000000,1992
Patriot Games,117 min,"Action, Thriller",R,83.29,Phillip Noyce,Harrison Ford,45000000,1992
Valkyrie,121 min,"Drama, History, Thriller",PG-13,83.08,Bryan Singer,Tom Cruise,75000000,2008
Disclosure,128 min,"Drama, Thriller",R,83.02,Barry Levinson,Michael Douglas,55000000,1994
Die Hard,132 min,"Action, Thriller",R,83.01,John McTiernan,Bruce Willis,28000000,1988
Blade II,117 min,"Action, Horror, Sci-Fi",R,82.35,Guillermo del Toro,Wesley Snipes,54000000,2002
Maze Runner: The Scorch Trials,131 min,"Action, Adventure, Sci-Fi",PG-13,81.7,Wes Ball,Dylan O'Brien,61000000,2015
Unstoppable,98 min,"Action, Thriller",PG-13,81.56,Tony Scott,Denzel Washington,100000000,2010
Payback,100 min,"Action, Crime, Drama",R,81.53,Brian Helgeland,Mel Gibson,90000000,I 1999
The Talented Mr. Ripley,139 min,"Crime, Drama, Thriller",R,81.3,Anthony Minghella,Matt Damon,40000000,1999
21,123 min,"Crime, Drama, History",PG-13,81.16,Robert Luketic,Jim Sturgess,35000000,2008
Another 48 Hrs.,95 min,"Action, Comedy, Crime",R,80.82,Walter Hill,Eddie Murphy,38000000,1990
Alien vs. Predator,101 min,"Action, Adventure, Horror",PG-13,80.28,Paul W.S. Anderson,Sanaa Lathan,60000000,2004
Saw III,108 min,"Crime, Horror, Mystery",R,80.24,Darren Lynn Bousman,Tobin Bell,10000000,2006
Disturbia,105 min,"Crime, Drama, Mystery",PG-13,80.21,D.J. Caruso,Shia LaBeouf,20000000,2007
Jumper,88 min,"Action, Adventure, Sci-Fi",PG-13,80.17,Doug Liman,Hayden Christensen,85000000,2008
The Mummy,110 min,"Action, Adventure, Fantasy",PG-13,80.1,Alex Kurtzman,Tom Cruise,125000000,2017
Jack Reacher,130 min,"Action, Mystery, Thriller",PG-13,80.07,Christopher McQuarrie,Tom Cruise,60000000,2012
Cloverfield,85 min,"Action, Horror, Sci-Fi",PG-13,80.05,Matt Reeves,Mike Vogel,25000000,2008
Dear John,108 min,"Drama, Mystery, Romance",PG-13,80.01,Lasse Hallström,Channing Tatum,25000000,I 2010
Knowing,121 min,"Action, Mystery, Sci-Fi",PG-13,79.96,Alex Proyas,Nicolas Cage,50000000,2009
Earthquake,122 min,"Action, Drama, Thriller",PG,79.7,Mark Robson,Charlton Heston,7000000,1974
WarGames,114 min,"Action, Drama, Sci-Fi",PG,79.57,John Badham,Matthew Broderick,12000000,1983
The Day the Earth Stood Still,104 min,"Adventure, Drama, Sci-Fi",PG-13,79.37,Scott Derrickson,Keanu Reeves,80000000,2008
Limitless,105 min,"Sci-Fi, Thriller",PG-13,79.25,Neil Burger,Bradley Cooper,27000000,I 2011
The Purge: Election Year,108 min,"Action, Horror, Sci-Fi",R,79.21,James DeMonaco,Frank Grillo,10000000,2016
Cape Fear,128 min,"Crime, Thriller",R,79.1,Martin Scorsese,Robert De Niro,35000000,1991
48 Hrs.,96 min,"Action, Comedy, Crime",R,78.87,Walter Hill,Nick Nolte,12000000,1982
Man on Fire,146 min,"Action, Crime, Drama",R,77.91,Tony Scott,Denzel Washington,70000000,2004
Backdraft,137 min,"Action, Drama, Mystery",R,77.87,Ron Howard,Kurt Russell,40000000,1991
The A-Team,117 min,"Action, Adventure, Thriller",PG-13,77.22,Joe Carnahan,Liam Neeson,110000000,2010
Training Day,122 min,"Action, Crime, Drama",R,76.63,Antoine Fuqua,Denzel Washington,45000000,2001
Poltergeist,114 min,"Horror, Thriller",PG,76.61,Tobe Hooper,JoBeth Williams,10700000,1982
The Untouchables,119 min,"Crime, Drama, Thriller",R,76.27,Brian De Palma,Kevin Costner,25000000,1987
Conspiracy Theory,135 min,"Action, Mystery, Thriller",R,75.98,Richard Donner,Mel Gibson,75000000,1997
Star Trek: Generations,118 min,"Action, Adventure, Mystery",PG,75.67,David Carson,Patrick Stewart,35000000,1994
Contagion,106 min,"Drama, Thriller",PG-13,75.66,Steven Soderbergh,Matt Damon,60000000,2011
2 Guns,109 min,"Action, Comedy, Crime",R,75.61,Baltasar Kormákur,Denzel Washington,61000000,2013
The Hitman's Bodyguard,118 min,"Action, Comedy, Crime",R,75.47,Patrick Hughes,Ryan Reynolds,30000000,2017
The Girl on the Train,112 min,"Crime, Drama, Mystery",R,75.4,Tate Taylor,Emily Blunt,45000000,2016
Coraline,100 min,"Animation, Drama, Family",PG,75.29,Henry Selick,Dakota Fanning,60000000,2009
The Exorcism of Emily Rose,119 min,"Drama, Horror, Thriller",PG-13,75.07,Scott Derrickson,Laura Linney,19000000,2005
Star Trek VI: The Undiscovered Country,110 min,"Action, Adventure, Sci-Fi",PG,74.89,Nicholas Meyer,William Shatner,30000000,1991
Ladder 49,115 min,"Action, Drama, Thriller",PG-13,74.54,Jay Russell,Joaquin Phoenix,55000000,2004
Four Brothers,109 min,"Action, Crime, Drama",R,74.49,John Singleton,Mark Wahlberg,45000000,2005
No Country for Old Men,122 min,"Crime, Drama, Thriller",R,74.28,Ethan Coen,Joel Coen,25000000,2007
Alien: Covenant,122 min,"Horror, Sci-Fi, Thriller",R,74.26,Ridley Scott,Michael Fassbender,97000000,2017
Annabelle Comes Home,106 min,"Horror, Mystery, Thriller",R,74.15,Gary Dauberman,Vera Farmiga,30000000,2019
Sin City,124 min,"Crime, Thriller",R,74.1,Frank Miller,Quentin Tarantino,40000000,2005
Along Came a Spider,104 min,"Drama, Thriller",R,74.08,Lee Tamahori,Morgan Freeman,60000000,2001
Deep Blue Sea,105 min,"Action, Adventure, Sci-Fi",R,73.65,Renny Harlin,Thomas Jane,60000000,1999
Law Abiding Citizen,109 min,"Action, Crime, Drama",R,73.34,F. Gary Gray,Gerard Butler,50000000,2009
Hollow Man,112 min,"Action, Horror, Sci-Fi",R,73.21,Paul Verhoeven,Kevin Bacon,95000000,2000
White House Down,131 min,"Action, Drama, Thriller",PG-13,73.1,Roland Emmerich,Channing Tatum,150000000,2013
The Interpreter,128 min,"Crime, Mystery, Thriller",PG-13,72.71,Sydney Pollack,Nicole Kidman,80000000,2005
Bridge of Spies,142 min,"Drama, History, Thriller",PG-13,72.31,Steven Spielberg,Tom Hanks,40000000,2015
Vantage Point,90 min,"Action, Crime, Drama",PG-13,72.27,Pete Travis,Dennis Quaid,40000000,2008
10 Cloverfield Lane,103 min,"Drama, Horror, Mystery",PG-13,72.08,Dan Trachtenberg,John Goodman,15000000,2016
Get Shorty,105 min,"Comedy, Crime, Thriller",R,72.08,Barry Sonnenfeld,Gene Hackman,30250000,1995
The Purge: Anarchy,103 min,"Action, Horror, Sci-Fi",R,71.96,James DeMonaco,Frank Grillo,9000000,2014
John Q,116 min,"Crime, Drama, Thriller",PG-13,71.76,Nick Cassavetes,Denzel Washington,36000000,2002
Mama,100 min,"Fantasy, Horror, Thriller",PG-13,71.63,Andy Muschietti,Jessica Chastain,15000000,I 2013
Safe Haven,115 min,"Drama, Romance, Thriller",PG-13,71.35,Lasse Hallström,Julianne Hough,28000000,I 2013
The Spiderwick Chronicles,96 min,"Action, Adventure, Drama",PG,71.2,Mark Waters,Freddie Highmore,90000000,2008
Turner & Hooch,97 min,"Comedy, Crime, Drama",PG,71.08,Roger Spottiswoode,Tom Hanks,13000000,1989
The Score,124 min,"Action, Crime, Drama",R,71.07,Frank Oz,Robert De Niro,68000000,2001
Broken Arrow,108 min,"Action, Adventure, Thriller",R,70.77,John Woo,John Travolta,50000000,1996
All the President's Men,138 min,"Drama, History, Thriller",PG,70.6,Alan J. Pakula,Dustin Hoffman,8500000,1976
V for Vendetta,132 min,"Action, Drama, Sci-Fi",R,70.51,James McTeigue,Hugo Weaving,54000000,2005
Mortal Kombat,101 min,"Action, Adventure, Fantasy",PG-13,70.45,Paul W.S. Anderson,Christopher Lambert,18000000,1995
The Invisible Man,124 min,"Drama, Horror, Mystery",R,70.41,Leigh Whannell,Elisabeth Moss,7000000,I 2020
JFK,189 min,"Drama, History, Thriller",R,70.41,Oliver Stone,Kevin Costner,40000000,1991
Shaft,99 min,"Action, Crime, Thriller",R,70.33,John Singleton,Samuel L. Jackson,46000000,2000
Moonraker,126 min,"Action, Adventure, Sci-Fi",PG,70.31,Lewis Gilbert,Roger Moore,34000000,1979
World Trade Center,129 min,"Drama, History, Thriller",PG-13,70.28,Oliver Stone,Nicolas Cage,65000000,2006
Fool's Gold,112 min,"Action, Adventure, Comedy",PG-13,70.23,Andy Tennant,Matthew McConaughey,70000000,I 2008
Star Trek: Insurrection,103 min,"Action, Adventure, Sci-Fi",PG,70.12,Jonathan Frakes,Patrick Stewart,58000000,1998
Kill Bill: Vol. 1,111 min,"Action, Crime, Drama",R,70.1,Quentin Tarantino,Uma Thurman,30000000,2003
Act of Valor,110 min,"Action, Adventure, Thriller",R,70.01,Mike McCoy,Scott Waugh,12000000,2012
Swordfish,99 min,"Action, Crime, Thriller",R,69.77,Dominic Sena,John Travolta,102000000,2001
The First Purge,97 min,"Action, Horror, Sci-Fi",R,69.49,Gerard McMurray,Y'lan Noel,13000000,2018
The Thomas Crown Affair,113 min,"Crime, Romance, Thriller",R,69.3,John McTiernan,Pierce Brosnan,48000000,1999
Vertical Limit,124 min,"Action, Adventure, Drama",PG-13,69.24,Martin Campbell,Scott Glenn,75000000,2000
Game Night,100 min,"Action, Adventure, Comedy",R,69.18,John Francis Daley,Jonathan Goldstein,37000000,I 2018
Lost in Space,130 min,"Action, Adventure, Family",PG-13,69.12,Stephen Hopkins,Gary Oldman,80000000,1998
Angel Has Fallen,121 min,"Action, Thriller",R,69.03,Ric Roman Waugh,Gerard Butler,40000000,2019
Witness,112 min,"Drama, Romance, Thriller",R,68.71,Peter Weir,Harrison Ford,12000000,1985
Blue Streak,93 min,"Action, Comedy, Crime",PG-13,68.52,Les Mayfield,Martin Lawrence,65000000,1999
Skyscraper,102 min,"Action, Adventure, Thriller",PG-13,68.42,Rawson Marshall Thurber,Dwayne Johnson,125000000,2018
Obsessed,108 min,"Comedy, Drama, Romance",PG-13,68.26,Steve Shill,Beyoncé,20000000,2009
Octopussy,131 min,"Action, Adventure, Thriller",PG,67.9,John Glen,Roger Moore,27500000,1983
Outbreak,127 min,"Action, Drama, Thriller",R,67.82,Wolfgang Petersen,Dustin Hoffman,50000000,1995
Insidious: The Last Key,103 min,"Horror, Mystery, Thriller",PG-13,67.75,Adam Robitel,Lin Shaye,10000000,2018
Sudden Impact,117 min,"Action, Crime, Thriller",R,67.64,Clint Eastwood,Clint Eastwood,22000000,1983
A Perfect Murder,107 min,"Crime, Drama, Thriller",R,67.64,Andrew Davis,Michael Douglas,60000000,1998
The Tourist,103 min,"Action, Thriller",PG-13,67.63,Florian Henckel von Donnersmarck,Johnny Depp,100000000,I 2010
Insomnia,118 min,"Drama, Mystery, Thriller",R,67.36,Christopher Nolan,Al Pacino,46000000,2002
A Good Day to Die Hard,98 min,"Action, Thriller",R,67.35,John Moore,Bruce Willis,92000000,2013
Race to Witch Mountain,98 min,"Action, Adventure, Family",PG,67.17,Andy Fickman,Dwayne Johnson,65000000,2009
Dante's Peak,108 min,"Action, Adventure, Thriller",PG-13,67.13,Roger Donaldson,Pierce Brosnan,116000000,1997
End of Days,122 min,"Action, Fantasy, Horror",R,66.89,Peter Hyams,Arnold Schwarzenegger,100000000,1999
Changing Lanes,98 min,"Drama, Thriller",R,66.82,Roger Michell,Ben Affleck,45000000,2002
The Forgotten,91 min,"Drama, Mystery, Sci-Fi",PG-13,66.64,Joseph Ruben,Julianne Moore,42000000,2004
Contraband,109 min,"Action, Crime, Drama",R,66.53,Baltasar Kormákur,Mark Wahlberg,25000000,2012
The Bone Collector,118 min,"Crime, Drama, Mystery",R,66.52,Phillip Noyce,Denzel Washington,73000000,1999
Looper,119 min,"Action, Drama, Sci-Fi",R,66.49,Rian Johnson,Joseph Gordon-Levitt,30000000,2012
The Final Destination,82 min,"Horror, Thriller",R,66.48,David R. Ellis,Nick Zano,40000000,2009
Kill Bill: Vol. 2,137 min,"Action, Crime, Thriller",R,66.21,Quentin Tarantino,Uma Thurman,30000000,2004
Allegiant,120 min,"Action, Adventure, Mystery",PG-13,66.18,Robert Schwentke,Shailene Woodley,110000000,2016
The Manchurian Candidate,129 min,"Drama, Mystery, Sci-Fi",R,65.96,Jonathan Demme,Denzel Washington,45000000,2004
Anaconda,89 min,"Action, Adventure, Horror",PG-13,65.89,Luis Llosa,Jon Voight,19000000,1997
Bad Boys,119 min,"Action, Comedy, Crime",R,65.81,Michael Bay,Will Smith,19000000,1995
Stakeout,117 min,"Action, Comedy, Crime",R,65.67,John Badham,Richard Dreyfuss,14500000,1987
The Taking of Pelham 1 2 3,106 min,"Action, Crime, Thriller",R,65.45,Tony Scott,Denzel Washington,100000000,2009
Battleship,131 min,"Action, Adventure, Sci-Fi",PG-13,65.42,Peter Berg,Alexander Skarsgård,209000000,2012
Lethal Weapon,109 min,"Action, Crime, Thriller",R,65.21,Richard Donner,Mel Gibson,15000000,1987
The Visit,94 min,"Horror, Mystery, Thriller",PG-13,65.21,M. Night Shyamalan,Olivia DeJonge,5000000,I 2015
Now You See Me 2,129 min,"Action, Adventure, Comedy",PG-13,65.08,Jon M. Chu,Jesse Eisenberg,90000000,2016
Wolf,125 min,"Drama, Horror, Romance",R,65.01,Mike Nichols,Jack Nicholson,70000000,1994
Friday the 13th,97 min,"Horror, Mystery, Thriller",R,65,Marcus Nispel,Jared Padalecki,19000000,2009
L.A. Confidential,138 min,"Crime, Drama, Mystery",R,64.62,Curtis Hanson,Kevin Spacey,35000000,1997
Chronicle,84 min,"Action, Drama, Sci-Fi",PG-13,64.58,Josh Trank,Dane DeHaan,12000000,2012